<?xml version="1.0" encoding="UTF-8"?>
<project-private xmlns="http://www.netbeans.org/ns/project-private/1">
    <editor-bookmarks xmlns="http://www.netbeans.org/ns/editor-bookmarks/2" lastBookmarkId="0"/>
    <open-files xmlns="http://www.netbeans.org/ns/projectui-open-files/2">
        <group>
            <file>file:/C:/Users/Muhammad%20Ali/Documents/NetBeansProjects/applicatio/src/applicatio/Swork.java</file>
            <file>file:/C:/Users/Muhammad%20Ali/Documents/NetBeansProjects/applicatio/src/applicatio/Sjf.java</file>
            <file>file:/C:/Users/Muhammad%20Ali/Documents/NetBeansProjects/applicatio/src/applicatio/Fcfs.java</file>
            <file>file:/C:/Users/Muhammad%20Ali/Documents/NetBeansProjects/applicatio/src/applicatio/Applicatio.java</file>
            <file>file:/C:/Users/Muhammad%20Ali/Documents/NetBeansProjects/applicatio/src/applicatio/Pwork.java</file>
            <file>file:/C:/Users/Muhammad%20Ali/Documents/NetBeansProjects/applicatio/src/applicatio/Priority.java</file>
        </group>
    </open-files>
</project-private>
